bin_index,bin_lower,bin_upper,bin_range,count,weight,mean_pred_prob,observed_breach_rate,abs_gap
1,0.0,0.1,"[0.00, 0.10)",1855,0.4033,0.0287,0.034,0.0053
2,0.1,0.2,"[0.10, 0.20)",526,0.1143,0.1461,0.1445,0.0016
3,0.2,0.3,"[0.20, 0.30)",365,0.0793,0.247,0.2521,0.005
4,0.3,0.4,"[0.30, 0.40)",312,0.0678,0.3512,0.3333,0.0179
5,0.4,0.5,"[0.40, 0.50)",290,0.063,0.4488,0.4172,0.0315
6,0.5,0.6,"[0.50, 0.60)",246,0.0535,0.5498,0.5244,0.0254
7,0.6,0.7,"[0.60, 0.70)",279,0.0607,0.6491,0.6559,0.0068
8,0.7,0.8,"[0.70, 0.80)",272,0.0591,0.7487,0.7757,0.027
9,0.8,0.9,"[0.80, 0.90)",286,0.0622,0.8486,0.8287,0.0199
10,0.9,1.0,"[0.90, 1.00)",169,0.0367,0.9421,0.9527,0.0105
