fire_id,fire_name,segment_id,date,breach_probability,hold_probability,risk_tier,vulnerability_rank,priority_percentile,priority_recommended,top_risk_factors,protective_factors,explanation
CA-CZU-005205,CZU Lightning Complex,CA-CZU-005205_seg_00001,2020-08-20,0.6599,0.3401,HIGH,26,75.0,False,Cleared Barrier Width (barrier_width_m=2.0); Terrain Slope Angle (slope=40.6); Proximity to Active Flame Front (distance_to_fire=385.0),Direct Head-Fire Attack Alignment (cos theta) (attack_dot_product=0.037),"HIGH breach risk (66.0% predicted risk). Elevated predicted risk is associated with: Cleared Barrier Width (barrier_width_m=2.0), Terrain Slope Angle (slope=40.6). Holding probability is supported by: Direct Head-Fire Attack Alignment (cos theta) (attack_dot_product=0.037)."
CA-CZU-005205,CZU Lightning Complex,CA-CZU-005205_seg_00002,2020-08-20,0.3038,0.6962,MEDIUM,46,55.0,False,Direct Head-Fire Attack Alignment (cos theta) (attack_dot_product=0.817); Predicted Next-Day Spread Probability Intensity (burn_prob=0.712); Surface Elevation (elevation=322.3),Cleared Barrier Width (barrier_width_m=9.0),"MEDIUM breach risk (30.4% predicted risk). Elevated predicted risk is associated with: Direct Head-Fire Attack Alignment (cos theta) (attack_dot_product=0.817), Predicted Next-Day Spread Probability Intensity (burn_prob=0.712). Holding probability is supported by: Cleared Barrier Width (barrier_width_m=9.0)."
CA-CZU-005205,CZU Lightning Complex,CA-CZU-005205_seg_00003,2020-08-20,0.0131,0.9869,LOW,87,14.0,False,Cleared Barrier Width (barrier_width_m=2.0); Terrain Slope Angle (slope=27.7); Surface Elevation (elevation=284.0),Predicted Next-Day Spread Probability Intensity (burn_prob=0.014); Proximity to Active Flame Front (distance_to_fire=5000.0),"LOW breach risk (1.3% predicted risk). Elevated predicted risk is associated with: Cleared Barrier Width (barrier_width_m=2.0), Terrain Slope Angle (slope=27.7). Holding probability is supported by: Predicted Next-Day Spread Probability Intensity (burn_prob=0.014), Proximity to Active Flame Front (distance_to_fire=5000.0)."
CA-CZU-005205,CZU Lightning Complex,CA-CZU-005205_seg_00004,2020-08-20,0.6317,0.3683,HIGH,28,73.0,False,Cleared Barrier Width (barrier_width_m=2.0); Proximity to Active Flame Front (distance_to_fire=338.1); Surface Elevation (elevation=327.0),Direct Head-Fire Attack Alignment (cos theta) (attack_dot_product=0.484),"HIGH breach risk (63.2% predicted risk). Elevated predicted risk is associated with: Cleared Barrier Width (barrier_width_m=2.0), Proximity to Active Flame Front (distance_to_fire=338.1). Holding probability is supported by: Direct Head-Fire Attack Alignment (cos theta) (attack_dot_product=0.484)."
CA-CZU-005205,CZU Lightning Complex,CA-CZU-005205_seg_00005,2020-08-20,0.8144,0.1856,CRITICAL,15,86.0,False,Cleared Barrier Width (barrier_width_m=2.0); Direct Head-Fire Attack Alignment (cos theta) (attack_dot_product=0.848); Proximity to Active Flame Front (distance_to_fire=830.3),Terrain Slope Angle (slope=18.1),"CRITICAL breach vulnerability (81.4% predicted risk). Elevated predicted risk is associated with: Cleared Barrier Width (barrier_width_m=2.0), Direct Head-Fire Attack Alignment (cos theta) (attack_dot_product=0.848). Holding probability is supported by: Terrain Slope Angle (slope=18.1)."
CA-CZU-005205,CZU Lightning Complex,CA-CZU-005205_seg_00006,2020-08-20,0.4363,0.5637,MEDIUM,36,65.0,False,Direct Head-Fire Attack Alignment (cos theta) (attack_dot_product=0.898); Terrain Slope Angle (slope=35.1); Predicted Next-Day Spread Probability Intensity (burn_prob=0.613),Proximity to Active Flame Front (distance_to_fire=1502.2); Cleared Barrier Width (barrier_width_m=9.0),"MEDIUM breach risk (43.6% predicted risk). Elevated predicted risk is associated with: Direct Head-Fire Attack Alignment (cos theta) (attack_dot_product=0.898), Terrain Slope Angle (slope=35.1). Holding probability is supported by: Proximity to Active Flame Front (distance_to_fire=1502.2), Cleared Barrier Width (barrier_width_m=9.0)."
CA-CZU-005205,CZU Lightning Complex,CA-CZU-005205_seg_00007,2020-08-20,0.1018,0.8982,LOW,66,35.0,False,Direct Head-Fire Attack Alignment (cos theta) (attack_dot_product=0.818); Surface Elevation (elevation=261.2); Terrain Slope Angle (slope=25.1),Predicted Next-Day Spread Probability Intensity (burn_prob=0.435); Proximity to Active Flame Front (distance_to_fire=1956.0); Cleared Barrier Width (barrier_width_m=9.0),"LOW breach risk (10.2% predicted risk). Elevated predicted risk is associated with: Direct Head-Fire Attack Alignment (cos theta) (attack_dot_product=0.818), Surface Elevation (elevation=261.2). Holding probability is supported by: Predicted Next-Day Spread Probability Intensity (burn_prob=0.435), Proximity to Active Flame Front (distance_to_fire=1956.0)."
CA-CZU-005205,CZU Lightning Complex,CA-CZU-005205_seg_00008,2020-08-20,0.8186,0.1814,CRITICAL,14,87.0,False,Cleared Barrier Width (barrier_width_m=2.0); Terrain Slope Angle (slope=37.4); Predicted Next-Day Spread Probability Intensity (burn_prob=0.613),,"CRITICAL breach vulnerability (81.9% predicted risk). Elevated predicted risk is associated with: Cleared Barrier Width (barrier_width_m=2.0), Terrain Slope Angle (slope=37.4)."
CA-CZU-005205,CZU Lightning Complex,CA-CZU-005205_seg_00009,2020-08-20,0.0024,0.9976,LOW,95,6.0,False,Terrain Slope Angle (slope=30.3); Surface Elevation (elevation=207.4); Acute Fire Attack Angle (attack_angle=84.1),Cleared Barrier Width (barrier_width_m=9.0); Proximity to Active Flame Front (distance_to_fire=2525.9); Predicted Next-Day Spread Probability Intensity (burn_prob=0.122),"LOW breach risk (0.2% predicted risk). Elevated predicted risk is associated with: Terrain Slope Angle (slope=30.3), Surface Elevation (elevation=207.4). Holding probability is supported by: Cleared Barrier Width (barrier_width_m=9.0), Proximity to Active Flame Front (distance_to_fire=2525.9)."
CA-CZU-005205,CZU Lightning Complex,CA-CZU-005205_seg_00010,2020-08-20,0.3351,0.6649,MEDIUM,41,60.0,False,Direct Head-Fire Attack Alignment (cos theta) (attack_dot_product=0.992); Proximity to Active Flame Front (distance_to_fire=951.9); Predicted Next-Day Spread Probability Intensity (burn_prob=0.598),Acute Fire Attack Angle (attack_angle=7.2); Terrain Slope Angle (slope=19.5); Cleared Barrier Width (barrier_width_m=9.0),"MEDIUM breach risk (33.5% predicted risk). Elevated predicted risk is associated with: Direct Head-Fire Attack Alignment (cos theta) (attack_dot_product=0.992), Proximity to Active Flame Front (distance_to_fire=951.9). Holding probability is supported by: Acute Fire Attack Angle (attack_angle=7.2), Terrain Slope Angle (slope=19.5)."
CA-CZU-005205,CZU Lightning Complex,CA-CZU-005205_seg_00011,2020-08-20,0.9132,0.0868,CRITICAL,7,94.0,True,Cleared Barrier Width (barrier_width_m=2.0); Predicted Next-Day Spread Probability Intensity (burn_prob=0.807); Direct Head-Fire Attack Alignment (cos theta) (attack_dot_product=0.8),,"CRITICAL breach vulnerability (91.3% predicted risk). Elevated predicted risk is associated with: Cleared Barrier Width (barrier_width_m=2.0), Predicted Next-Day Spread Probability Intensity (burn_prob=0.807)."
CA-CZU-005205,CZU Lightning Complex,CA-CZU-005205_seg_00012,2020-08-20,0.0731,0.9269,LOW,68,33.0,False,Cleared Barrier Width (barrier_width_m=2.0); Surface Elevation (elevation=405.3); Terrain Slope Angle (slope=24.6),Direct Head-Fire Attack Alignment (cos theta) (attack_dot_product=0.538); Proximity to Active Flame Front (distance_to_fire=2616.7); Predicted Next-Day Spread Probability Intensity (burn_prob=0.115),"LOW breach risk (7.3% predicted risk). Elevated predicted risk is associated with: Cleared Barrier Width (barrier_width_m=2.0), Surface Elevation (elevation=405.3). Holding probability is supported by: Direct Head-Fire Attack Alignment (cos theta) (attack_dot_product=0.538), Proximity to Active Flame Front (distance_to_fire=2616.7)."
CA-CZU-005205,CZU Lightning Complex,CA-CZU-005205_seg_00013,2020-08-20,0.2891,0.7109,LOW,49,52.0,False,Proximity to Active Flame Front (distance_to_fire=448.8); Predicted Next-Day Spread Probability Intensity (burn_prob=0.675); Surface Elevation (elevation=379.7),Terrain Slope Angle (slope=19.4); Direct Head-Fire Attack Alignment (cos theta) (attack_dot_product=0.504),"LOW breach risk (28.9% predicted risk). Elevated predicted risk is associated with: Proximity to Active Flame Front (distance_to_fire=448.8), Predicted Next-Day Spread Probability Intensity (burn_prob=0.675). Holding probability is supported by: Terrain Slope Angle (slope=19.4), Direct Head-Fire Attack Alignment (cos theta) (attack_dot_product=0.504)."
CA-CZU-005205,CZU Lightning Complex,CA-CZU-005205_seg_00014,2020-08-20,0.0373,0.9627,LOW,76,25.0,False,Surface Elevation (elevation=317.0); Terrain Slope Angle (slope=25.1),Predicted Next-Day Spread Probability Intensity (burn_prob=0.426); Cleared Barrier Width (barrier_width_m=9.0); Direct Head-Fire Attack Alignment (cos theta) (attack_dot_product=0.385),"LOW breach risk (3.7% predicted risk). Elevated predicted risk is associated with: Surface Elevation (elevation=317.0), Terrain Slope Angle (slope=25.1). Holding probability is supported by: Predicted Next-Day Spread Probability Intensity (burn_prob=0.426), Cleared Barrier Width (barrier_width_m=9.0)."
CA-CZU-005205,CZU Lightning Complex,CA-CZU-005205_seg_00015,2020-08-20,0.0692,0.9308,LOW,69,32.0,False,Terrain Slope Angle (slope=33.2); Surface Elevation (elevation=266.8); Predicted Next-Day Spread Probability Intensity (burn_prob=0.609),Cleared Barrier Width (barrier_width_m=9.0); Direct Head-Fire Attack Alignment (cos theta) (attack_dot_product=0.265),"LOW breach risk (6.9% predicted risk). Elevated predicted risk is associated with: Terrain Slope Angle (slope=33.2), Surface Elevation (elevation=266.8). Holding probability is supported by: Cleared Barrier Width (barrier_width_m=9.0), Direct Head-Fire Attack Alignment (cos theta) (attack_dot_product=0.265)."
CA-CZU-005205,CZU Lightning Complex,CA-CZU-005205_seg_00016,2020-08-20,0.2341,0.7659,LOW,53,48.0,False,Cleared Barrier Width (barrier_width_m=2.0); Proximity to Active Flame Front (distance_to_fire=618.6); Predicted Next-Day Spread Probability Intensity (burn_prob=0.64),Direct Head-Fire Attack Alignment (cos theta) (attack_dot_product=0.053),"LOW breach risk (23.4% predicted risk). Elevated predicted risk is associated with: Cleared Barrier Width (barrier_width_m=2.0), Proximity to Active Flame Front (distance_to_fire=618.6). Holding probability is supported by: Direct Head-Fire Attack Alignment (cos theta) (attack_dot_product=0.053)."
CA-CZU-005205,CZU Lightning Complex,CA-CZU-005205_seg_00017,2020-08-20,0.8624,0.1376,CRITICAL,12,89.0,False,Direct Head-Fire Attack Alignment (cos theta) (attack_dot_product=0.957); Proximity to Active Flame Front (distance_to_fire=231.4); Predicted Next-Day Spread Probability Intensity (burn_prob=0.816),,"CRITICAL breach vulnerability (86.2% predicted risk). Elevated predicted risk is associated with: Direct Head-Fire Attack Alignment (cos theta) (attack_dot_product=0.957), Proximity to Active Flame Front (distance_to_fire=231.4)."
CA-CZU-005205,CZU Lightning Complex,CA-CZU-005205_seg_00018,2020-08-20,0.9237,0.0763,CRITICAL,5,96.0,True,Cleared Barrier Width (barrier_width_m=2.0); Proximity to Active Flame Front (distance_to_fire=158.2); Direct Head-Fire Attack Alignment (cos theta) (attack_dot_product=0.862),Terrain Slope Angle (slope=18.6),"CRITICAL breach vulnerability (92.4% predicted risk). Elevated predicted risk is associated with: Cleared Barrier Width (barrier_width_m=2.0), Proximity to Active Flame Front (distance_to_fire=158.2). Holding probability is supported by: Terrain Slope Angle (slope=18.6)."
CA-CZU-005205,CZU Lightning Complex,CA-CZU-005205_seg_00019,2020-08-20,0.3256,0.6744,MEDIUM,43,58.0,False,Terrain Slope Angle (slope=42.4); Predicted Next-Day Spread Probability Intensity (burn_prob=0.665); Surface Elevation (elevation=441.0),Direct Head-Fire Attack Alignment (cos theta) (attack_dot_product=0.337),"MEDIUM breach risk (32.6% predicted risk). Elevated predicted risk is associated with: Terrain Slope Angle (slope=42.4), Predicted Next-Day Spread Probability Intensity (burn_prob=0.665). Holding probability is supported by: Direct Head-Fire Attack Alignment (cos theta) (attack_dot_product=0.337)."
CA-CZU-005205,CZU Lightning Complex,CA-CZU-005205_seg_00020,2020-08-20,0.0304,0.9696,LOW,78,23.0,False,Cleared Barrier Width (barrier_width_m=2.0); Direct Head-Fire Attack Alignment (cos theta) (attack_dot_product=0.792); Terrain Slope Angle (slope=29.1),Predicted Next-Day Spread Probability Intensity (burn_prob=0.022); Proximity to Active Flame Front (distance_to_fire=4814.4),"LOW breach risk (3.0% predicted risk). Elevated predicted risk is associated with: Cleared Barrier Width (barrier_width_m=2.0), Direct Head-Fire Attack Alignment (cos theta) (attack_dot_product=0.792). Holding probability is supported by: Predicted Next-Day Spread Probability Intensity (burn_prob=0.022), Proximity to Active Flame Front (distance_to_fire=4814.4)."
CA-CZU-005205,CZU Lightning Complex,CA-CZU-005205_seg_00021,2020-08-20,0.1181,0.8819,LOW,63,38.0,False,Predicted Next-Day Spread Probability Intensity (burn_prob=0.709); Proximity to Active Flame Front (distance_to_fire=726.1); Surface Elevation (elevation=524.3),Direct Head-Fire Attack Alignment (cos theta) (attack_dot_product=0.198),"LOW breach risk (11.8% predicted risk). Elevated predicted risk is associated with: Predicted Next-Day Spread Probability Intensity (burn_prob=0.709), Proximity to Active Flame Front (distance_to_fire=726.1). Holding probability is supported by: Direct Head-Fire Attack Alignment (cos theta) (attack_dot_product=0.198)."
CA-CZU-005205,CZU Lightning Complex,CA-CZU-005205_seg_00022,2020-08-20,0.0199,0.9801,LOW,82,19.0,False,Proximity to Active Flame Front (distance_to_fire=651.2); Surface Elevation (elevation=614.5),Predicted Next-Day Spread Probability Intensity (burn_prob=0.286); Direct Head-Fire Attack Alignment (cos theta) (attack_dot_product=0.429); Terrain Slope Angle (slope=2.5),"LOW breach risk (2.0% predicted risk). Elevated predicted risk is associated with: Proximity to Active Flame Front (distance_to_fire=651.2), Surface Elevation (elevation=614.5). Holding probability is supported by: Predicted Next-Day Spread Probability Intensity (burn_prob=0.286), Direct Head-Fire Attack Alignment (cos theta) (attack_dot_product=0.429)."
CA-CZU-005205,CZU Lightning Complex,CA-CZU-005205_seg_00023,2020-08-20,0.7247,0.2753,HIGH,21,80.0,False,Predicted Next-Day Spread Probability Intensity (burn_prob=0.81); Direct Head-Fire Attack Alignment (cos theta) (attack_dot_product=0.797); Proximity to Active Flame Front (distance_to_fire=646.7),,"HIGH breach risk (72.5% predicted risk). Elevated predicted risk is associated with: Predicted Next-Day Spread Probability Intensity (burn_prob=0.81), Direct Head-Fire Attack Alignment (cos theta) (attack_dot_product=0.797)."
CA-CZU-005205,CZU Lightning Complex,CA-CZU-005205_seg_00024,2020-08-20,0.002,0.998,LOW,97,4.0,False,Surface Elevation (elevation=144.1); Acute Fire Attack Angle (attack_angle=84.5),Proximity to Active Flame Front (distance_to_fire=2160.1); Terrain Slope Angle (slope=9.8); Predicted Next-Day Spread Probability Intensity (burn_prob=0.159),"LOW breach risk (0.2% predicted risk). Elevated predicted risk is associated with: Surface Elevation (elevation=144.1), Acute Fire Attack Angle (attack_angle=84.5). Holding probability is supported by: Proximity to Active Flame Front (distance_to_fire=2160.1), Terrain Slope Angle (slope=9.8)."
CA-CZU-005205,CZU Lightning Complex,CA-CZU-005205_seg_00025,2020-08-20,0.488,0.512,MEDIUM,34,67.0,False,Cleared Barrier Width (barrier_width_m=2.0); Direct Head-Fire Attack Alignment (cos theta) (attack_dot_product=0.943); Surface Elevation (elevation=347.2),Proximity to Active Flame Front (distance_to_fire=1845.6); Predicted Next-Day Spread Probability Intensity (burn_prob=0.391); Terrain Slope Angle (slope=16.3),"MEDIUM breach risk (48.8% predicted risk). Elevated predicted risk is associated with: Cleared Barrier Width (barrier_width_m=2.0), Direct Head-Fire Attack Alignment (cos theta) (attack_dot_product=0.943). Holding probability is supported by: Proximity to Active Flame Front (distance_to_fire=1845.6), Predicted Next-Day Spread Probability Intensity (burn_prob=0.391)."
CA-CZU-005205,CZU Lightning Complex,CA-CZU-005205_seg_00026,2020-08-20,0.323,0.677,MEDIUM,44,57.0,False,Cleared Barrier Width (barrier_width_m=2.0); Proximity to Active Flame Front (distance_to_fire=666.8); Surface Elevation (elevation=485.3),Terrain Slope Angle (slope=17.9); Direct Head-Fire Attack Alignment (cos theta) (attack_dot_product=0.353),"MEDIUM breach risk (32.3% predicted risk). Elevated predicted risk is associated with: Cleared Barrier Width (barrier_width_m=2.0), Proximity to Active Flame Front (distance_to_fire=666.8). Holding probability is supported by: Terrain Slope Angle (slope=17.9), Direct Head-Fire Attack Alignment (cos theta) (attack_dot_product=0.353)."
CA-CZU-005205,CZU Lightning Complex,CA-CZU-005205_seg_00027,2020-08-20,0.8535,0.1465,CRITICAL,13,88.0,False,Cleared Barrier Width (barrier_width_m=2.0); Direct Head-Fire Attack Alignment (cos theta) (attack_dot_product=0.938); Predicted Next-Day Spread Probability Intensity (burn_prob=0.756),Terrain Slope Angle (slope=13.7),"CRITICAL breach vulnerability (85.3% predicted risk). Elevated predicted risk is associated with: Cleared Barrier Width (barrier_width_m=2.0), Direct Head-Fire Attack Alignment (cos theta) (attack_dot_product=0.938). Holding probability is supported by: Terrain Slope Angle (slope=13.7)."
CA-CZU-005205,CZU Lightning Complex,CA-CZU-005205_seg_00028,2020-08-20,0.6509,0.3491,HIGH,27,74.0,False,Terrain Slope Angle (slope=38.6); Proximity to Active Flame Front (distance_to_fire=297.7); Predicted Next-Day Spread Probability Intensity (burn_prob=0.802),Direct Head-Fire Attack Alignment (cos theta) (attack_dot_product=0.413),"HIGH breach risk (65.1% predicted risk). Elevated predicted risk is associated with: Terrain Slope Angle (slope=38.6), Proximity to Active Flame Front (distance_to_fire=297.7). Holding probability is supported by: Direct Head-Fire Attack Alignment (cos theta) (attack_dot_product=0.413)."
CA-CZU-005205,CZU Lightning Complex,CA-CZU-005205_seg_00029,2020-08-20,0.716,0.284,HIGH,23,78.0,False,Direct Head-Fire Attack Alignment (cos theta) (attack_dot_product=0.959); Predicted Next-Day Spread Probability Intensity (burn_prob=0.818); Proximity to Active Flame Front (distance_to_fire=631.1),Cleared Barrier Width (barrier_width_m=9.0),"HIGH breach risk (71.6% predicted risk). Elevated predicted risk is associated with: Direct Head-Fire Attack Alignment (cos theta) (attack_dot_product=0.959), Predicted Next-Day Spread Probability Intensity (burn_prob=0.818). Holding probability is supported by: Cleared Barrier Width (barrier_width_m=9.0)."
CA-CZU-005205,CZU Lightning Complex,CA-CZU-005205_seg_00030,2020-08-20,0.1599,0.8401,LOW,59,42.0,False,Proximity to Active Flame Front (distance_to_fire=560.5); Terrain Slope Angle (slope=26.7); Surface Elevation (elevation=360.1),Direct Head-Fire Attack Alignment (cos theta) (attack_dot_product=0.289),"LOW breach risk (16.0% predicted risk). Elevated predicted risk is associated with: Proximity to Active Flame Front (distance_to_fire=560.5), Terrain Slope Angle (slope=26.7). Holding probability is supported by: Direct Head-Fire Attack Alignment (cos theta) (attack_dot_product=0.289)."
CA-CZU-005205,CZU Lightning Complex,CA-CZU-005205_seg_00031,2020-08-20,0.7587,0.2413,HIGH,20,81.0,False,Proximity to Active Flame Front (distance_to_fire=172.8); Predicted Next-Day Spread Probability Intensity (burn_prob=0.84); Terrain Slope Angle (slope=32.0),Direct Head-Fire Attack Alignment (cos theta) (attack_dot_product=0.609),"HIGH breach risk (75.9% predicted risk). Elevated predicted risk is associated with: Proximity to Active Flame Front (distance_to_fire=172.8), Predicted Next-Day Spread Probability Intensity (burn_prob=0.84). Holding probability is supported by: Direct Head-Fire Attack Alignment (cos theta) (attack_dot_product=0.609)."
CA-CZU-005205,CZU Lightning Complex,CA-CZU-005205_seg_00032,2020-08-20,0.0133,0.9867,LOW,86,15.0,False,Cleared Barrier Width (barrier_width_m=2.0); Surface Elevation (elevation=280.2),Terrain Slope Angle (slope=11.2); Direct Head-Fire Attack Alignment (cos theta) (attack_dot_product=0.355); Proximity to Active Flame Front (distance_to_fire=2714.3),"LOW breach risk (1.3% predicted risk). Elevated predicted risk is associated with: Cleared Barrier Width (barrier_width_m=2.0), Surface Elevation (elevation=280.2). Holding probability is supported by: Terrain Slope Angle (slope=11.2), Direct Head-Fire Attack Alignment (cos theta) (attack_dot_product=0.355)."
CA-CZU-005205,CZU Lightning Complex,CA-CZU-005205_seg_00033,2020-08-20,0.9778,0.0222,CRITICAL,2,99.0,True,Cleared Barrier Width (barrier_width_m=2.0); Predicted Next-Day Spread Probability Intensity (burn_prob=0.933); Direct Head-Fire Attack Alignment (cos theta) (attack_dot_product=0.9),,"CRITICAL breach vulnerability (97.8% predicted risk). Elevated predicted risk is associated with: Cleared Barrier Width (barrier_width_m=2.0), Predicted Next-Day Spread Probability Intensity (burn_prob=0.933)."
CA-CZU-005205,CZU Lightning Complex,CA-CZU-005205_seg_00034,2020-08-20,0.0238,0.9762,LOW,80,21.0,False,Direct Head-Fire Attack Alignment (cos theta) (attack_dot_product=0.889); Surface Elevation (elevation=356.0),Cleared Barrier Width (barrier_width_m=9.0); Predicted Next-Day Spread Probability Intensity (burn_prob=0.228); Proximity to Active Flame Front (distance_to_fire=2933.4),"LOW breach risk (2.4% predicted risk). Elevated predicted risk is associated with: Direct Head-Fire Attack Alignment (cos theta) (attack_dot_product=0.889), Surface Elevation (elevation=356.0). Holding probability is supported by: Cleared Barrier Width (barrier_width_m=9.0), Predicted Next-Day Spread Probability Intensity (burn_prob=0.228)."
CA-CZU-005205,CZU Lightning Complex,CA-CZU-005205_seg_00035,2020-08-20,0.2671,0.7329,LOW,52,49.0,False,Direct Head-Fire Attack Alignment (cos theta) (attack_dot_product=0.958); Surface Elevation (elevation=412.0),Proximity to Active Flame Front (distance_to_fire=1529.3); Terrain Slope Angle (slope=14.3),"LOW breach risk (26.7% predicted risk). Elevated predicted risk is associated with: Direct Head-Fire Attack Alignment (cos theta) (attack_dot_product=0.958), Surface Elevation (elevation=412.0). Holding probability is supported by: Proximity to Active Flame Front (distance_to_fire=1529.3), Terrain Slope Angle (slope=14.3)."
CA-CZU-005205,CZU Lightning Complex,CA-CZU-005205_seg_00036,2020-08-20,0.8987,0.1013,CRITICAL,9,92.0,True,Cleared Barrier Width (barrier_width_m=2.0); Direct Head-Fire Attack Alignment (cos theta) (attack_dot_product=0.873); Predicted Next-Day Spread Probability Intensity (burn_prob=0.694),,"CRITICAL breach vulnerability (89.9% predicted risk). Elevated predicted risk is associated with: Cleared Barrier Width (barrier_width_m=2.0), Direct Head-Fire Attack Alignment (cos theta) (attack_dot_product=0.873)."
CA-CZU-005205,CZU Lightning Complex,CA-CZU-005205_seg_00037,2020-08-20,0.0142,0.9858,LOW,85,16.0,False,Direct Head-Fire Attack Alignment (cos theta) (attack_dot_product=0.967); Surface Elevation (elevation=275.2); Terrain Slope Angle (slope=25.3),Predicted Next-Day Spread Probability Intensity (burn_prob=0.05); Proximity to Active Flame Front (distance_to_fire=4525.8),"LOW breach risk (1.4% predicted risk). Elevated predicted risk is associated with: Direct Head-Fire Attack Alignment (cos theta) (attack_dot_product=0.967), Surface Elevation (elevation=275.2). Holding probability is supported by: Predicted Next-Day Spread Probability Intensity (burn_prob=0.05), Proximity to Active Flame Front (distance_to_fire=4525.8)."
CA-CZU-005205,CZU Lightning Complex,CA-CZU-005205_seg_00038,2020-08-20,0.7745,0.2255,HIGH,19,82.0,False,Direct Head-Fire Attack Alignment (cos theta) (attack_dot_product=0.959); Predicted Next-Day Spread Probability Intensity (burn_prob=0.805); Terrain Slope Angle (slope=28.7),,"HIGH breach risk (77.4% predicted risk). Elevated predicted risk is associated with: Direct Head-Fire Attack Alignment (cos theta) (attack_dot_product=0.959), Predicted Next-Day Spread Probability Intensity (burn_prob=0.805)."
CA-CZU-005205,CZU Lightning Complex,CA-CZU-005205_seg_00039,2020-08-20,0.9801,0.0199,CRITICAL,1,100.0,True,Terrain Slope Angle (slope=47.6); Direct Head-Fire Attack Alignment (cos theta) (attack_dot_product=1.0); Predicted Next-Day Spread Probability Intensity (burn_prob=0.954),Acute Fire Attack Angle (attack_angle=0.8),"CRITICAL breach vulnerability (98.0% predicted risk). Elevated predicted risk is associated with: Terrain Slope Angle (slope=47.6), Direct Head-Fire Attack Alignment (cos theta) (attack_dot_product=1.0). Holding probability is supported by: Acute Fire Attack Angle (attack_angle=0.8)."
CA-CZU-005205,CZU Lightning Complex,CA-CZU-005205_seg_00040,2020-08-20,0.4608,0.5392,MEDIUM,35,66.0,False,Terrain Slope Angle (slope=32.8); Proximity to Active Flame Front (distance_to_fire=544.9); Surface Elevation (elevation=147.3),Direct Head-Fire Attack Alignment (cos theta) (attack_dot_product=0.497),"MEDIUM breach risk (46.1% predicted risk). Elevated predicted risk is associated with: Terrain Slope Angle (slope=32.8), Proximity to Active Flame Front (distance_to_fire=544.9). Holding probability is supported by: Direct Head-Fire Attack Alignment (cos theta) (attack_dot_product=0.497)."
CA-CZU-005205,CZU Lightning Complex,CA-CZU-005205_seg_00041,2020-08-20,0.201,0.799,LOW,55,46.0,False,Cleared Barrier Width (barrier_width_m=2.0); Surface Elevation (elevation=167.7),Proximity to Active Flame Front (distance_to_fire=1548.0); Terrain Slope Angle (slope=14.0); Predicted Next-Day Spread Probability Intensity (burn_prob=0.266),"LOW breach risk (20.1% predicted risk). Elevated predicted risk is associated with: Cleared Barrier Width (barrier_width_m=2.0), Surface Elevation (elevation=167.7). Holding probability is supported by: Proximity to Active Flame Front (distance_to_fire=1548.0), Terrain Slope Angle (slope=14.0)."
CA-CZU-005205,CZU Lightning Complex,CA-CZU-005205_seg_00042,2020-08-20,0.0128,0.9872,LOW,88,13.0,False,Terrain Slope Angle (slope=32.0); Surface Elevation (elevation=555.9); Acute Fire Attack Angle (attack_angle=87.6),Proximity to Active Flame Front (distance_to_fire=1839.5); Predicted Next-Day Spread Probability Intensity (burn_prob=0.267); Direct Head-Fire Attack Alignment (cos theta) (attack_dot_product=0.041),"LOW breach risk (1.3% predicted risk). Elevated predicted risk is associated with: Terrain Slope Angle (slope=32.0), Surface Elevation (elevation=555.9). Holding probability is supported by: Proximity to Active Flame Front (distance_to_fire=1839.5), Predicted Next-Day Spread Probability Intensity (burn_prob=0.267)."
CA-CZU-005205,CZU Lightning Complex,CA-CZU-005205_seg_00043,2020-08-20,0.8044,0.1956,CRITICAL,16,85.0,False,Direct Head-Fire Attack Alignment (cos theta) (attack_dot_product=0.985); Predicted Next-Day Spread Probability Intensity (burn_prob=0.897); Proximity to Active Flame Front (distance_to_fire=197.1),Acute Fire Attack Angle (attack_angle=9.9); Cleared Barrier Width (barrier_width_m=9.0),"CRITICAL breach vulnerability (80.4% predicted risk). Elevated predicted risk is associated with: Direct Head-Fire Attack Alignment (cos theta) (attack_dot_product=0.985), Predicted Next-Day Spread Probability Intensity (burn_prob=0.897). Holding probability is supported by: Acute Fire Attack Angle (attack_angle=9.9), Cleared Barrier Width (barrier_width_m=9.0)."
CA-CZU-005205,CZU Lightning Complex,CA-CZU-005205_seg_00044,2020-08-20,0.0037,0.9963,LOW,91,10.0,False,Terrain Slope Angle (slope=27.6); Surface Elevation (elevation=382.9),Direct Head-Fire Attack Alignment (cos theta) (attack_dot_product=0.296); Predicted Next-Day Spread Probability Intensity (burn_prob=0.045); Proximity to Active Flame Front (distance_to_fire=3292.0),"LOW breach risk (0.4% predicted risk). Elevated predicted risk is associated with: Terrain Slope Angle (slope=27.6), Surface Elevation (elevation=382.9). Holding probability is supported by: Direct Head-Fire Attack Alignment (cos theta) (attack_dot_product=0.296), Predicted Next-Day Spread Probability Intensity (burn_prob=0.045)."
CA-CZU-005205,CZU Lightning Complex,CA-CZU-005205_seg_00045,2020-08-20,0.0158,0.9842,LOW,84,17.0,False,Cleared Barrier Width (barrier_width_m=2.0); Direct Head-Fire Attack Alignment (cos theta) (attack_dot_product=0.963); Surface Elevation (elevation=383.1),Terrain Slope Angle (slope=13.3); Predicted Next-Day Spread Probability Intensity (burn_prob=0.02); Proximity to Active Flame Front (distance_to_fire=5000.0),"LOW breach risk (1.6% predicted risk). Elevated predicted risk is associated with: Cleared Barrier Width (barrier_width_m=2.0), Direct Head-Fire Attack Alignment (cos theta) (attack_dot_product=0.963). Holding probability is supported by: Terrain Slope Angle (slope=13.3), Predicted Next-Day Spread Probability Intensity (burn_prob=0.02)."
CA-CZU-005205,CZU Lightning Complex,CA-CZU-005205_seg_00046,2020-08-20,0.914,0.086,CRITICAL,6,95.0,True,Cleared Barrier Width (barrier_width_m=2.0); Terrain Slope Angle (slope=43.4); Predicted Next-Day Spread Probability Intensity (burn_prob=0.799),Direct Head-Fire Attack Alignment (cos theta) (attack_dot_product=0.429),"CRITICAL breach vulnerability (91.4% predicted risk). Elevated predicted risk is associated with: Cleared Barrier Width (barrier_width_m=2.0), Terrain Slope Angle (slope=43.4). Holding probability is supported by: Direct Head-Fire Attack Alignment (cos theta) (attack_dot_product=0.429)."
CA-CZU-005205,CZU Lightning Complex,CA-CZU-005205_seg_00047,2020-08-20,0.0421,0.9579,LOW,72,29.0,False,Terrain Slope Angle (slope=42.3); Surface Elevation (elevation=504.7); Acute Fire Attack Angle (attack_angle=80.5),Predicted Next-Day Spread Probability Intensity (burn_prob=0.337); Proximity to Active Flame Front (distance_to_fire=2112.2); Direct Head-Fire Attack Alignment (cos theta) (attack_dot_product=0.165),"LOW breach risk (4.2% predicted risk). Elevated predicted risk is associated with: Terrain Slope Angle (slope=42.3), Surface Elevation (elevation=504.7). Holding probability is supported by: Predicted Next-Day Spread Probability Intensity (burn_prob=0.337), Proximity to Active Flame Front (distance_to_fire=2112.2)."
CA-CZU-005205,CZU Lightning Complex,CA-CZU-005205_seg_00048,2020-08-20,0.1271,0.8729,LOW,61,40.0,False,Cleared Barrier Width (barrier_width_m=2.0); Direct Head-Fire Attack Alignment (cos theta) (attack_dot_product=0.975); Surface Elevation (elevation=615.4),Acute Fire Attack Angle (attack_angle=12.8); Terrain Slope Angle (slope=16.3); Predicted Next-Day Spread Probability Intensity (burn_prob=0.107),"LOW breach risk (12.7% predicted risk). Elevated predicted risk is associated with: Cleared Barrier Width (barrier_width_m=2.0), Direct Head-Fire Attack Alignment (cos theta) (attack_dot_product=0.975). Holding probability is supported by: Acute Fire Attack Angle (attack_angle=12.8), Terrain Slope Angle (slope=16.3)."
CA-CZU-005205,CZU Lightning Complex,CA-CZU-005205_seg_00049,2020-08-20,0.5501,0.4499,MEDIUM,31,70.0,False,Proximity to Active Flame Front (distance_to_fire=212.7); Predicted Next-Day Spread Probability Intensity (burn_prob=0.843); Terrain Slope Angle (slope=28.9),Cleared Barrier Width (barrier_width_m=9.0),"MEDIUM breach risk (55.0% predicted risk). Elevated predicted risk is associated with: Proximity to Active Flame Front (distance_to_fire=212.7), Predicted Next-Day Spread Probability Intensity (burn_prob=0.843). Holding probability is supported by: Cleared Barrier Width (barrier_width_m=9.0)."
CA-CZU-005205,CZU Lightning Complex,CA-CZU-005205_seg_00050,2020-08-20,0.8884,0.1116,CRITICAL,11,90.0,False,Direct Head-Fire Attack Alignment (cos theta) (attack_dot_product=0.993); Terrain Slope Angle (slope=39.7); Predicted Next-Day Spread Probability Intensity (burn_prob=0.772),Acute Fire Attack Angle (attack_angle=6.6),"CRITICAL breach vulnerability (88.8% predicted risk). Elevated predicted risk is associated with: Direct Head-Fire Attack Alignment (cos theta) (attack_dot_product=0.993), Terrain Slope Angle (slope=39.7). Holding probability is supported by: Acute Fire Attack Angle (attack_angle=6.6)."
CA-CZU-005205,CZU Lightning Complex,CA-CZU-005205_seg_00051,2020-08-20,0.3187,0.6813,MEDIUM,45,56.0,False,Direct Head-Fire Attack Alignment (cos theta) (attack_dot_product=0.987); Surface Elevation (elevation=295.0),Acute Fire Attack Angle (attack_angle=9.3); Predicted Next-Day Spread Probability Intensity (burn_prob=0.457); Terrain Slope Angle (slope=15.6),"MEDIUM breach risk (31.9% predicted risk). Elevated predicted risk is associated with: Direct Head-Fire Attack Alignment (cos theta) (attack_dot_product=0.987), Surface Elevation (elevation=295.0). Holding probability is supported by: Acute Fire Attack Angle (attack_angle=9.3), Predicted Next-Day Spread Probability Intensity (burn_prob=0.457)."
CA-CZU-005205,CZU Lightning Complex,CA-CZU-005205_seg_00052,2020-08-20,0.9286,0.0714,CRITICAL,4,97.0,True,Cleared Barrier Width (barrier_width_m=2.0); Predicted Next-Day Spread Probability Intensity (burn_prob=0.827); Terrain Slope Angle (slope=33.7),,"CRITICAL breach vulnerability (92.9% predicted risk). Elevated predicted risk is associated with: Cleared Barrier Width (barrier_width_m=2.0), Predicted Next-Day Spread Probability Intensity (burn_prob=0.827)."
CA-CZU-005205,CZU Lightning Complex,CA-CZU-005205_seg_00053,2020-08-20,0.2713,0.7287,LOW,51,50.0,False,Terrain Slope Angle (slope=31.8); Proximity to Active Flame Front (distance_to_fire=954.7); Predicted Next-Day Spread Probability Intensity (burn_prob=0.641),Direct Head-Fire Attack Alignment (cos theta) (attack_dot_product=0.392),"LOW breach risk (27.1% predicted risk). Elevated predicted risk is associated with: Terrain Slope Angle (slope=31.8), Proximity to Active Flame Front (distance_to_fire=954.7). Holding probability is supported by: Direct Head-Fire Attack Alignment (cos theta) (attack_dot_product=0.392)."
CA-CZU-005205,CZU Lightning Complex,CA-CZU-005205_seg_00054,2020-08-20,0.0033,0.9967,LOW,92,9.0,False,Surface Elevation (elevation=716.1); Terrain Slope Angle (slope=24.7),Direct Head-Fire Attack Alignment (cos theta) (attack_dot_product=0.549); Cleared Barrier Width (barrier_width_m=9.0); Predicted Next-Day Spread Probability Intensity (burn_prob=0.047),"LOW breach risk (0.3% predicted risk). Elevated predicted risk is associated with: Surface Elevation (elevation=716.1), Terrain Slope Angle (slope=24.7). Holding probability is supported by: Direct Head-Fire Attack Alignment (cos theta) (attack_dot_product=0.549), Cleared Barrier Width (barrier_width_m=9.0)."
CA-CZU-005205,CZU Lightning Complex,CA-CZU-005205_seg_00055,2020-08-20,0.0208,0.9792,LOW,81,20.0,False,Surface Elevation (elevation=262.2); Proximity to Active Flame Front (distance_to_fire=1087.4); Acute Fire Attack Angle (attack_angle=86.1),Predicted Next-Day Spread Probability Intensity (burn_prob=0.323); Direct Head-Fire Attack Alignment (cos theta) (attack_dot_product=0.068),"LOW breach risk (2.1% predicted risk). Elevated predicted risk is associated with: Surface Elevation (elevation=262.2), Proximity to Active Flame Front (distance_to_fire=1087.4). Holding probability is supported by: Predicted Next-Day Spread Probability Intensity (burn_prob=0.323), Direct Head-Fire Attack Alignment (cos theta) (attack_dot_product=0.068)."
CA-CZU-005205,CZU Lightning Complex,CA-CZU-005205_seg_00056,2020-08-20,0.8899,0.1101,CRITICAL,10,91.0,True,Cleared Barrier Width (barrier_width_m=2.0); Predicted Next-Day Spread Probability Intensity (burn_prob=0.758); Proximity to Active Flame Front (distance_to_fire=656.8),,"CRITICAL breach vulnerability (89.0% predicted risk). Elevated predicted risk is associated with: Cleared Barrier Width (barrier_width_m=2.0), Predicted Next-Day Spread Probability Intensity (burn_prob=0.758)."
CA-CZU-005205,CZU Lightning Complex,CA-CZU-005205_seg_00057,2020-08-20,0.1073,0.8927,LOW,64,37.0,False,Proximity to Active Flame Front (distance_to_fire=354.9); Predicted Next-Day Spread Probability Intensity (burn_prob=0.717); Surface Elevation (elevation=347.5),Cleared Barrier Width (barrier_width_m=9.0); Direct Head-Fire Attack Alignment (cos theta) (attack_dot_product=0.217),"LOW breach risk (10.7% predicted risk). Elevated predicted risk is associated with: Proximity to Active Flame Front (distance_to_fire=354.9), Predicted Next-Day Spread Probability Intensity (burn_prob=0.717). Holding probability is supported by: Cleared Barrier Width (barrier_width_m=9.0), Direct Head-Fire Attack Alignment (cos theta) (attack_dot_product=0.217)."
CA-CZU-005205,CZU Lightning Complex,CA-CZU-005205_seg_00058,2020-08-20,0.0005,0.9995,LOW,99,2.0,False,Terrain Slope Angle (slope=37.2); Surface Elevation (elevation=253.9),Cleared Barrier Width (barrier_width_m=9.0); Direct Head-Fire Attack Alignment (cos theta) (attack_dot_product=0.242); Predicted Next-Day Spread Probability Intensity (burn_prob=0.009),"LOW breach risk (0.1% predicted risk). Elevated predicted risk is associated with: Terrain Slope Angle (slope=37.2), Surface Elevation (elevation=253.9). Holding probability is supported by: Cleared Barrier Width (barrier_width_m=9.0), Direct Head-Fire Attack Alignment (cos theta) (attack_dot_product=0.242)."
CA-CZU-005205,CZU Lightning Complex,CA-CZU-005205_seg_00059,2020-08-20,0.0049,0.9951,LOW,90,11.0,False,Proximity to Active Flame Front (distance_to_fire=176.8); Surface Elevation (elevation=377.8); Acute Fire Attack Angle (attack_angle=86.9),Predicted Next-Day Spread Probability Intensity (burn_prob=0.342); Cleared Barrier Width (barrier_width_m=9.0); Terrain Slope Angle (slope=5.4),"LOW breach risk (0.5% predicted risk). Elevated predicted risk is associated with: Proximity to Active Flame Front (distance_to_fire=176.8), Surface Elevation (elevation=377.8). Holding probability is supported by: Predicted Next-Day Spread Probability Intensity (burn_prob=0.342), Cleared Barrier Width (barrier_width_m=9.0)."
CA-CZU-005205,CZU Lightning Complex,CA-CZU-005205_seg_00060,2020-08-20,0.0952,0.9048,LOW,67,34.0,False,Surface Elevation (elevation=431.9),Predicted Next-Day Spread Probability Intensity (burn_prob=0.489); Cleared Barrier Width (barrier_width_m=9.0),"LOW breach risk (9.5% predicted risk). Elevated predicted risk is associated with: Surface Elevation (elevation=431.9). Holding probability is supported by: Predicted Next-Day Spread Probability Intensity (burn_prob=0.489), Cleared Barrier Width (barrier_width_m=9.0)."
CA-CZU-005205,CZU Lightning Complex,CA-CZU-005205_seg_00061,2020-08-20,0.0406,0.9594,LOW,74,27.0,False,Surface Elevation (elevation=407.4); Proximity to Active Flame Front (distance_to_fire=1202.2),Predicted Next-Day Spread Probability Intensity (burn_prob=0.425); Direct Head-Fire Attack Alignment (cos theta) (attack_dot_product=0.447); Terrain Slope Angle (slope=11.3),"LOW breach risk (4.1% predicted risk). Elevated predicted risk is associated with: Surface Elevation (elevation=407.4), Proximity to Active Flame Front (distance_to_fire=1202.2). Holding probability is supported by: Predicted Next-Day Spread Probability Intensity (burn_prob=0.425), Direct Head-Fire Attack Alignment (cos theta) (attack_dot_product=0.447)."
CA-CZU-005205,CZU Lightning Complex,CA-CZU-005205_seg_00062,2020-08-20,0.9017,0.0983,CRITICAL,8,93.0,True,Terrain Slope Angle (slope=38.2); Predicted Next-Day Spread Probability Intensity (burn_prob=0.862); Direct Head-Fire Attack Alignment (cos theta) (attack_dot_product=0.856),,"CRITICAL breach vulnerability (90.2% predicted risk). Elevated predicted risk is associated with: Terrain Slope Angle (slope=38.2), Predicted Next-Day Spread Probability Intensity (burn_prob=0.862)."
CA-CZU-005205,CZU Lightning Complex,CA-CZU-005205_seg_00063,2020-08-20,0.1984,0.8016,LOW,56,45.0,False,Direct Head-Fire Attack Alignment (cos theta) (attack_dot_product=0.851); Surface Elevation (elevation=407.7); Predicted Next-Day Spread Probability Intensity (burn_prob=0.604),Terrain Slope Angle (slope=19.3); Cleared Barrier Width (barrier_width_m=9.0),"LOW breach risk (19.8% predicted risk). Elevated predicted risk is associated with: Direct Head-Fire Attack Alignment (cos theta) (attack_dot_product=0.851), Surface Elevation (elevation=407.7). Holding probability is supported by: Terrain Slope Angle (slope=19.3), Cleared Barrier Width (barrier_width_m=9.0)."
CA-CZU-005205,CZU Lightning Complex,CA-CZU-005205_seg_00064,2020-08-20,0.3011,0.6989,MEDIUM,47,54.0,False,Predicted Next-Day Spread Probability Intensity (burn_prob=0.876); Proximity to Active Flame Front (distance_to_fire=402.4); Surface Elevation (elevation=489.1),Direct Head-Fire Attack Alignment (cos theta) (attack_dot_product=0.603); Terrain Slope Angle (slope=17.8); Cleared Barrier Width (barrier_width_m=9.0),"MEDIUM breach risk (30.1% predicted risk). Elevated predicted risk is associated with: Predicted Next-Day Spread Probability Intensity (burn_prob=0.876), Proximity to Active Flame Front (distance_to_fire=402.4). Holding probability is supported by: Direct Head-Fire Attack Alignment (cos theta) (attack_dot_product=0.603), Terrain Slope Angle (slope=17.8)."
CA-CZU-005205,CZU Lightning Complex,CA-CZU-005205_seg_00065,2020-08-20,0.0009,0.9991,LOW,98,3.0,False,Surface Elevation (elevation=371.8),Terrain Slope Angle (slope=15.3); Direct Head-Fire Attack Alignment (cos theta) (attack_dot_product=0.444); Predicted Next-Day Spread Probability Intensity (burn_prob=0.033),"LOW breach risk (0.1% predicted risk). Elevated predicted risk is associated with: Surface Elevation (elevation=371.8). Holding probability is supported by: Terrain Slope Angle (slope=15.3), Direct Head-Fire Attack Alignment (cos theta) (attack_dot_product=0.444)."
CA-CZU-005205,CZU Lightning Complex,CA-CZU-005205_seg_00066,2020-08-20,0.0186,0.9814,LOW,83,18.0,False,Terrain Slope Angle (slope=28.3); Surface Elevation (elevation=351.5); Acute Fire Attack Angle (attack_angle=78.5),Proximity to Active Flame Front (distance_to_fire=1599.7); Predicted Next-Day Spread Probability Intensity (burn_prob=0.192); Direct Head-Fire Attack Alignment (cos theta) (attack_dot_product=0.199),"LOW breach risk (1.9% predicted risk). Elevated predicted risk is associated with: Terrain Slope Angle (slope=28.3), Surface Elevation (elevation=351.5). Holding probability is supported by: Proximity to Active Flame Front (distance_to_fire=1599.7), Predicted Next-Day Spread Probability Intensity (burn_prob=0.192)."
CA-CZU-005205,CZU Lightning Complex,CA-CZU-005205_seg_00067,2020-08-20,0.3797,0.6203,MEDIUM,40,61.0,False,Cleared Barrier Width (barrier_width_m=2.0); Terrain Slope Angle (slope=27.8); Surface Elevation (elevation=294.6),Direct Head-Fire Attack Alignment (cos theta) (attack_dot_product=0.589); Predicted Next-Day Spread Probability Intensity (burn_prob=0.407); Proximity to Active Flame Front (distance_to_fire=1860.8),"MEDIUM breach risk (38.0% predicted risk). Elevated predicted risk is associated with: Cleared Barrier Width (barrier_width_m=2.0), Terrain Slope Angle (slope=27.8). Holding probability is supported by: Direct Head-Fire Attack Alignment (cos theta) (attack_dot_product=0.589), Predicted Next-Day Spread Probability Intensity (burn_prob=0.407)."
CA-CZU-005205,CZU Lightning Complex,CA-CZU-005205_seg_00068,2020-08-20,0.1061,0.8939,LOW,65,36.0,False,Surface Elevation (elevation=183.5); Predicted Next-Day Spread Probability Intensity (burn_prob=0.589),Cleared Barrier Width (barrier_width_m=9.0),"LOW breach risk (10.6% predicted risk). Elevated predicted risk is associated with: Surface Elevation (elevation=183.5), Predicted Next-Day Spread Probability Intensity (burn_prob=0.589). Holding probability is supported by: Cleared Barrier Width (barrier_width_m=9.0)."
CA-CZU-005205,CZU Lightning Complex,CA-CZU-005205_seg_00069,2020-08-20,0.7824,0.2176,HIGH,18,83.0,False,Direct Head-Fire Attack Alignment (cos theta) (attack_dot_product=0.999); Proximity to Active Flame Front (distance_to_fire=487.5); Predicted Next-Day Spread Probability Intensity (burn_prob=0.692),Acute Fire Attack Angle (attack_angle=2.6),"HIGH breach risk (78.2% predicted risk). Elevated predicted risk is associated with: Direct Head-Fire Attack Alignment (cos theta) (attack_dot_product=0.999), Proximity to Active Flame Front (distance_to_fire=487.5). Holding probability is supported by: Acute Fire Attack Angle (attack_angle=2.6)."
CA-CZU-005205,CZU Lightning Complex,CA-CZU-005205_seg_00070,2020-08-20,0.5308,0.4692,MEDIUM,32,69.0,False,Cleared Barrier Width (barrier_width_m=2.0); Proximity to Active Flame Front (distance_to_fire=359.5); Predicted Next-Day Spread Probability Intensity (burn_prob=0.79),Direct Head-Fire Attack Alignment (cos theta) (attack_dot_product=0.165),"MEDIUM breach risk (53.1% predicted risk). Elevated predicted risk is associated with: Cleared Barrier Width (barrier_width_m=2.0), Proximity to Active Flame Front (distance_to_fire=359.5). Holding probability is supported by: Direct Head-Fire Attack Alignment (cos theta) (attack_dot_product=0.165)."
CA-CZU-005205,CZU Lightning Complex,CA-CZU-005205_seg_00071,2020-08-20,0.7107,0.2893,HIGH,24,77.0,False,Terrain Slope Angle (slope=44.8); Predicted Next-Day Spread Probability Intensity (burn_prob=0.667); Surface Elevation (elevation=148.2),,"HIGH breach risk (71.1% predicted risk). Elevated predicted risk is associated with: Terrain Slope Angle (slope=44.8), Predicted Next-Day Spread Probability Intensity (burn_prob=0.667)."
CA-CZU-005205,CZU Lightning Complex,CA-CZU-005205_seg_00072,2020-08-20,0.0033,0.9967,LOW,93,8.0,False,Direct Head-Fire Attack Alignment (cos theta) (attack_dot_product=0.995); Surface Elevation (elevation=348.5),Acute Fire Attack Angle (attack_angle=5.7); Cleared Barrier Width (barrier_width_m=9.0); Predicted Next-Day Spread Probability Intensity (burn_prob=0.018),"LOW breach risk (0.3% predicted risk). Elevated predicted risk is associated with: Direct Head-Fire Attack Alignment (cos theta) (attack_dot_product=0.995), Surface Elevation (elevation=348.5). Holding probability is supported by: Acute Fire Attack Angle (attack_angle=5.7), Cleared Barrier Width (barrier_width_m=9.0)."
CA-CZU-005205,CZU Lightning Complex,CA-CZU-005205_seg_00073,2020-08-20,0.0484,0.9516,LOW,71,30.0,False,Cleared Barrier Width (barrier_width_m=2.0); Surface Elevation (elevation=330.2); Proximity to Active Flame Front (distance_to_fire=1144.6),Terrain Slope Angle (slope=14.6); Predicted Next-Day Spread Probability Intensity (burn_prob=0.221); Direct Head-Fire Attack Alignment (cos theta) (attack_dot_product=0.185),"LOW breach risk (4.8% predicted risk). Elevated predicted risk is associated with: Cleared Barrier Width (barrier_width_m=2.0), Surface Elevation (elevation=330.2). Holding probability is supported by: Terrain Slope Angle (slope=14.6), Predicted Next-Day Spread Probability Intensity (burn_prob=0.221)."
CA-CZU-005205,CZU Lightning Complex,CA-CZU-005205_seg_00074,2020-08-20,0.0366,0.9634,LOW,77,24.0,False,Surface Elevation (elevation=50.0),Terrain Slope Angle (slope=19.0); Predicted Next-Day Spread Probability Intensity (burn_prob=0.405); Direct Head-Fire Attack Alignment (cos theta) (attack_dot_product=0.306),"LOW breach risk (3.7% predicted risk). Elevated predicted risk is associated with: Surface Elevation (elevation=50.0). Holding probability is supported by: Terrain Slope Angle (slope=19.0), Predicted Next-Day Spread Probability Intensity (burn_prob=0.405)."
CA-CZU-005205,CZU Lightning Complex,CA-CZU-005205_seg_00075,2020-08-20,0.0021,0.9979,LOW,96,5.0,False,Surface Elevation (elevation=600.7),Terrain Slope Angle (slope=12.4); Direct Head-Fire Attack Alignment (cos theta) (attack_dot_product=0.351); Predicted Next-Day Spread Probability Intensity (burn_prob=0.086),"LOW breach risk (0.2% predicted risk). Elevated predicted risk is associated with: Surface Elevation (elevation=600.7). Holding probability is supported by: Terrain Slope Angle (slope=12.4), Direct Head-Fire Attack Alignment (cos theta) (attack_dot_product=0.351)."
CA-CZU-005205,CZU Lightning Complex,CA-CZU-005205_seg_00076,2020-08-20,0.2211,0.7789,LOW,54,47.0,False,Terrain Slope Angle (slope=37.2); Predicted Next-Day Spread Probability Intensity (burn_prob=0.655); Proximity to Active Flame Front (distance_to_fire=990.4),Direct Head-Fire Attack Alignment (cos theta) (attack_dot_product=0.226),"LOW breach risk (22.1% predicted risk). Elevated predicted risk is associated with: Terrain Slope Angle (slope=37.2), Predicted Next-Day Spread Probability Intensity (burn_prob=0.655). Holding probability is supported by: Direct Head-Fire Attack Alignment (cos theta) (attack_dot_product=0.226)."
CA-CZU-005205,CZU Lightning Complex,CA-CZU-005205_seg_00077,2020-08-20,0.0078,0.9922,LOW,89,12.0,False,Direct Head-Fire Attack Alignment (cos theta) (attack_dot_product=0.823); Terrain Slope Angle (slope=32.1); Surface Elevation (elevation=535.1),Predicted Next-Day Spread Probability Intensity (burn_prob=0.026); Proximity to Active Flame Front (distance_to_fire=5000.0),"LOW breach risk (0.8% predicted risk). Elevated predicted risk is associated with: Direct Head-Fire Attack Alignment (cos theta) (attack_dot_product=0.823), Terrain Slope Angle (slope=32.1). Holding probability is supported by: Predicted Next-Day Spread Probability Intensity (burn_prob=0.026), Proximity to Active Flame Front (distance_to_fire=5000.0)."
CA-CZU-005205,CZU Lightning Complex,CA-CZU-005205_seg_00078,2020-08-20,0.0394,0.9606,LOW,75,26.0,False,Direct Head-Fire Attack Alignment (cos theta) (attack_dot_product=0.815); Surface Elevation (elevation=555.9); Terrain Slope Angle (slope=24.3),Predicted Next-Day Spread Probability Intensity (burn_prob=0.385); Cleared Barrier Width (barrier_width_m=9.0); Proximity to Active Flame Front (distance_to_fire=2745.7),"LOW breach risk (3.9% predicted risk). Elevated predicted risk is associated with: Direct Head-Fire Attack Alignment (cos theta) (attack_dot_product=0.815), Surface Elevation (elevation=555.9). Holding probability is supported by: Predicted Next-Day Spread Probability Intensity (burn_prob=0.385), Cleared Barrier Width (barrier_width_m=9.0)."
CA-CZU-005205,CZU Lightning Complex,CA-CZU-005205_seg_00079,2020-08-20,0.9403,0.0597,CRITICAL,3,98.0,True,Cleared Barrier Width (barrier_width_m=2.0); Direct Head-Fire Attack Alignment (cos theta) (attack_dot_product=0.993); Predicted Next-Day Spread Probability Intensity (burn_prob=0.85),Acute Fire Attack Angle (attack_angle=7.0); Terrain Slope Angle (slope=16.8),"CRITICAL breach vulnerability (94.0% predicted risk). Elevated predicted risk is associated with: Cleared Barrier Width (barrier_width_m=2.0), Direct Head-Fire Attack Alignment (cos theta) (attack_dot_product=0.993). Holding probability is supported by: Acute Fire Attack Angle (attack_angle=7.0), Terrain Slope Angle (slope=16.8)."
CA-CZU-005205,CZU Lightning Complex,CA-CZU-005205_seg_00080,2020-08-20,0.7191,0.2809,HIGH,22,79.0,False,Proximity to Active Flame Front (distance_to_fire=237.4); Predicted Next-Day Spread Probability Intensity (burn_prob=0.829); Terrain Slope Angle (slope=26.6),,"HIGH breach risk (71.9% predicted risk). Elevated predicted risk is associated with: Proximity to Active Flame Front (distance_to_fire=237.4), Predicted Next-Day Spread Probability Intensity (burn_prob=0.829)."
CA-CZU-005205,CZU Lightning Complex,CA-CZU-005205_seg_00081,2020-08-20,0.5143,0.4857,MEDIUM,33,68.0,False,Terrain Slope Angle (slope=36.9); Predicted Next-Day Spread Probability Intensity (burn_prob=0.722); Proximity to Active Flame Front (distance_to_fire=926.7),Cleared Barrier Width (barrier_width_m=9.0),"MEDIUM breach risk (51.4% predicted risk). Elevated predicted risk is associated with: Terrain Slope Angle (slope=36.9), Predicted Next-Day Spread Probability Intensity (burn_prob=0.722). Holding probability is supported by: Cleared Barrier Width (barrier_width_m=9.0)."
CA-CZU-005205,CZU Lightning Complex,CA-CZU-005205_seg_00082,2020-08-20,0.2824,0.7176,LOW,50,51.0,False,Terrain Slope Angle (slope=35.8); Predicted Next-Day Spread Probability Intensity (burn_prob=0.728); Surface Elevation (elevation=420.7),Direct Head-Fire Attack Alignment (cos theta) (attack_dot_product=0.36),"LOW breach risk (28.2% predicted risk). Elevated predicted risk is associated with: Terrain Slope Angle (slope=35.8), Predicted Next-Day Spread Probability Intensity (burn_prob=0.728). Holding probability is supported by: Direct Head-Fire Attack Alignment (cos theta) (attack_dot_product=0.36)."
CA-CZU-005205,CZU Lightning Complex,CA-CZU-005205_seg_00083,2020-08-20,0.1773,0.8227,LOW,57,44.0,False,Cleared Barrier Width (barrier_width_m=2.0); Direct Head-Fire Attack Alignment (cos theta) (attack_dot_product=0.727); Surface Elevation (elevation=218.2),Predicted Next-Day Spread Probability Intensity (burn_prob=0.307); Proximity to Active Flame Front (distance_to_fire=2858.4),"LOW breach risk (17.7% predicted risk). Elevated predicted risk is associated with: Cleared Barrier Width (barrier_width_m=2.0), Direct Head-Fire Attack Alignment (cos theta) (attack_dot_product=0.727). Holding probability is supported by: Predicted Next-Day Spread Probability Intensity (burn_prob=0.307), Proximity to Active Flame Front (distance_to_fire=2858.4)."
CA-CZU-005205,CZU Lightning Complex,CA-CZU-005205_seg_00084,2020-08-20,0.3328,0.6672,MEDIUM,42,59.0,False,Proximity to Active Flame Front (distance_to_fire=369.4); Predicted Next-Day Spread Probability Intensity (burn_prob=0.722); Terrain Slope Angle (slope=29.9),Direct Head-Fire Attack Alignment (cos theta) (attack_dot_product=0.286),"MEDIUM breach risk (33.3% predicted risk). Elevated predicted risk is associated with: Proximity to Active Flame Front (distance_to_fire=369.4), Predicted Next-Day Spread Probability Intensity (burn_prob=0.722). Holding probability is supported by: Direct Head-Fire Attack Alignment (cos theta) (attack_dot_product=0.286)."
CA-CZU-005205,CZU Lightning Complex,CA-CZU-005205_seg_00085,2020-08-20,0.1744,0.8256,LOW,58,43.0,False,Proximity to Active Flame Front (distance_to_fire=412.4); Predicted Next-Day Spread Probability Intensity (burn_prob=0.747); Surface Elevation (elevation=89.2),Direct Head-Fire Attack Alignment (cos theta) (attack_dot_product=0.446); Terrain Slope Angle (slope=8.4),"LOW breach risk (17.4% predicted risk). Elevated predicted risk is associated with: Proximity to Active Flame Front (distance_to_fire=412.4), Predicted Next-Day Spread Probability Intensity (burn_prob=0.747). Holding probability is supported by: Direct Head-Fire Attack Alignment (cos theta) (attack_dot_product=0.446), Terrain Slope Angle (slope=8.4)."
CA-CZU-005205,CZU Lightning Complex,CA-CZU-005205_seg_00086,2020-08-20,0.381,0.619,MEDIUM,39,62.0,False,Proximity to Active Flame Front (distance_to_fire=189.1); Predicted Next-Day Spread Probability Intensity (burn_prob=0.796); Direct Head-Fire Attack Alignment (cos theta) (attack_dot_product=0.76),Terrain Slope Angle (slope=15.4); Cleared Barrier Width (barrier_width_m=9.0),"MEDIUM breach risk (38.1% predicted risk). Elevated predicted risk is associated with: Proximity to Active Flame Front (distance_to_fire=189.1), Predicted Next-Day Spread Probability Intensity (burn_prob=0.796). Holding probability is supported by: Terrain Slope Angle (slope=15.4), Cleared Barrier Width (barrier_width_m=9.0)."
CA-CZU-005205,CZU Lightning Complex,CA-CZU-005205_seg_00087,2020-08-20,0.1361,0.8639,LOW,60,41.0,False,Proximity to Active Flame Front (distance_to_fire=865.3); Predicted Next-Day Spread Probability Intensity (burn_prob=0.645); Direct Head-Fire Attack Alignment (cos theta) (attack_dot_product=0.722),Terrain Slope Angle (slope=13.7); Cleared Barrier Width (barrier_width_m=9.0),"LOW breach risk (13.6% predicted risk). Elevated predicted risk is associated with: Proximity to Active Flame Front (distance_to_fire=865.3), Predicted Next-Day Spread Probability Intensity (burn_prob=0.645). Holding probability is supported by: Terrain Slope Angle (slope=13.7), Cleared Barrier Width (barrier_width_m=9.0)."
CA-CZU-005205,CZU Lightning Complex,CA-CZU-005205_seg_00088,2020-08-20,0.0003,0.9997,LOW,100,1.0,False,Surface Elevation (elevation=450.4); Acute Fire Attack Angle (attack_angle=88.8),Terrain Slope Angle (slope=16.3); Cleared Barrier Width (barrier_width_m=9.0); Proximity to Active Flame Front (distance_to_fire=2949.1),"LOW breach risk (0.0% predicted risk). Elevated predicted risk is associated with: Surface Elevation (elevation=450.4), Acute Fire Attack Angle (attack_angle=88.8). Holding probability is supported by: Terrain Slope Angle (slope=16.3), Cleared Barrier Width (barrier_width_m=9.0)."
CA-CZU-005205,CZU Lightning Complex,CA-CZU-005205_seg_00089,2020-08-20,0.2979,0.7021,LOW,48,53.0,False,Predicted Next-Day Spread Probability Intensity (burn_prob=0.694); Proximity to Active Flame Front (distance_to_fire=896.6); Surface Elevation (elevation=239.5),Terrain Slope Angle (slope=15.7),"LOW breach risk (29.8% predicted risk). Elevated predicted risk is associated with: Predicted Next-Day Spread Probability Intensity (burn_prob=0.694), Proximity to Active Flame Front (distance_to_fire=896.6). Holding probability is supported by: Terrain Slope Angle (slope=15.7)."
CA-CZU-005205,CZU Lightning Complex,CA-CZU-005205_seg_00090,2020-08-20,0.6221,0.3779,HIGH,29,72.0,False,Terrain Slope Angle (slope=39.8); Predicted Next-Day Spread Probability Intensity (burn_prob=0.79); Surface Elevation (elevation=285.0),Direct Head-Fire Attack Alignment (cos theta) (attack_dot_product=0.512),"HIGH breach risk (62.2% predicted risk). Elevated predicted risk is associated with: Terrain Slope Angle (slope=39.8), Predicted Next-Day Spread Probability Intensity (burn_prob=0.79). Holding probability is supported by: Direct Head-Fire Attack Alignment (cos theta) (attack_dot_product=0.512)."
CA-CZU-005205,CZU Lightning Complex,CA-CZU-005205_seg_00091,2020-08-20,0.0408,0.9592,LOW,73,28.0,False,Terrain Slope Angle (slope=29.4); Surface Elevation (elevation=386.3); Proximity to Active Flame Front (distance_to_fire=1072.5),Predicted Next-Day Spread Probability Intensity (burn_prob=0.386); Direct Head-Fire Attack Alignment (cos theta) (attack_dot_product=0.112),"LOW breach risk (4.1% predicted risk). Elevated predicted risk is associated with: Terrain Slope Angle (slope=29.4), Surface Elevation (elevation=386.3). Holding probability is supported by: Predicted Next-Day Spread Probability Intensity (burn_prob=0.386), Direct Head-Fire Attack Alignment (cos theta) (attack_dot_product=0.112)."
CA-CZU-005205,CZU Lightning Complex,CA-CZU-005205_seg_00092,2020-08-20,0.0686,0.9314,LOW,70,31.0,False,Direct Head-Fire Attack Alignment (cos theta) (attack_dot_product=0.901); Surface Elevation (elevation=233.6),Predicted Next-Day Spread Probability Intensity (burn_prob=0.201); Proximity to Active Flame Front (distance_to_fire=2836.9),"LOW breach risk (6.9% predicted risk). Elevated predicted risk is associated with: Direct Head-Fire Attack Alignment (cos theta) (attack_dot_product=0.901), Surface Elevation (elevation=233.6). Holding probability is supported by: Predicted Next-Day Spread Probability Intensity (burn_prob=0.201), Proximity to Active Flame Front (distance_to_fire=2836.9)."
CA-CZU-005205,CZU Lightning Complex,CA-CZU-005205_seg_00093,2020-08-20,0.0278,0.9722,LOW,79,22.0,False,Direct Head-Fire Attack Alignment (cos theta) (attack_dot_product=0.931); Surface Elevation (elevation=267.3),Terrain Slope Angle (slope=20.8); Predicted Next-Day Spread Probability Intensity (burn_prob=0.063); Proximity to Active Flame Front (distance_to_fire=3275.3),"LOW breach risk (2.8% predicted risk). Elevated predicted risk is associated with: Direct Head-Fire Attack Alignment (cos theta) (attack_dot_product=0.931), Surface Elevation (elevation=267.3). Holding probability is supported by: Terrain Slope Angle (slope=20.8), Predicted Next-Day Spread Probability Intensity (burn_prob=0.063)."
CA-CZU-005205,CZU Lightning Complex,CA-CZU-005205_seg_00094,2020-08-20,0.4144,0.5856,MEDIUM,37,64.0,False,Proximity to Active Flame Front (distance_to_fire=246.3); Predicted Next-Day Spread Probability Intensity (burn_prob=0.71); Surface Elevation (elevation=521.2),Direct Head-Fire Attack Alignment (cos theta) (attack_dot_product=0.494),"MEDIUM breach risk (41.4% predicted risk). Elevated predicted risk is associated with: Proximity to Active Flame Front (distance_to_fire=246.3), Predicted Next-Day Spread Probability Intensity (burn_prob=0.71). Holding probability is supported by: Direct Head-Fire Attack Alignment (cos theta) (attack_dot_product=0.494)."
CA-CZU-005205,CZU Lightning Complex,CA-CZU-005205_seg_00095,2020-08-20,0.6882,0.3118,HIGH,25,76.0,False,Direct Head-Fire Attack Alignment (cos theta) (attack_dot_product=0.942); Predicted Next-Day Spread Probability Intensity (burn_prob=0.691); Terrain Slope Angle (slope=27.3),,"HIGH breach risk (68.8% predicted risk). Elevated predicted risk is associated with: Direct Head-Fire Attack Alignment (cos theta) (attack_dot_product=0.942), Predicted Next-Day Spread Probability Intensity (burn_prob=0.691)."
CA-CZU-005205,CZU Lightning Complex,CA-CZU-005205_seg_00096,2020-08-20,0.0029,0.9971,LOW,94,7.0,False,Surface Elevation (elevation=464.0),Terrain Slope Angle (slope=17.8); Cleared Barrier Width (barrier_width_m=9.0); Predicted Next-Day Spread Probability Intensity (burn_prob=0.076),"LOW breach risk (0.3% predicted risk). Elevated predicted risk is associated with: Surface Elevation (elevation=464.0). Holding probability is supported by: Terrain Slope Angle (slope=17.8), Cleared Barrier Width (barrier_width_m=9.0)."
CA-CZU-005205,CZU Lightning Complex,CA-CZU-005205_seg_00097,2020-08-20,0.1203,0.8797,LOW,62,39.0,False,Cleared Barrier Width (barrier_width_m=2.0); Direct Head-Fire Attack Alignment (cos theta) (attack_dot_product=0.953); Surface Elevation (elevation=220.6),Proximity to Active Flame Front (distance_to_fire=2528.3); Terrain Slope Angle (slope=7.4); Predicted Next-Day Spread Probability Intensity (burn_prob=0.144),"LOW breach risk (12.0% predicted risk). Elevated predicted risk is associated with: Cleared Barrier Width (barrier_width_m=2.0), Direct Head-Fire Attack Alignment (cos theta) (attack_dot_product=0.953). Holding probability is supported by: Proximity to Active Flame Front (distance_to_fire=2528.3), Terrain Slope Angle (slope=7.4)."
CA-CZU-005205,CZU Lightning Complex,CA-CZU-005205_seg_00098,2020-08-20,0.6042,0.3958,HIGH,30,71.0,False,Terrain Slope Angle (slope=34.8); Predicted Next-Day Spread Probability Intensity (burn_prob=0.661); Proximity to Active Flame Front (distance_to_fire=997.3),,"HIGH breach risk (60.4% predicted risk). Elevated predicted risk is associated with: Terrain Slope Angle (slope=34.8), Predicted Next-Day Spread Probability Intensity (burn_prob=0.661)."
CA-CZU-005205,CZU Lightning Complex,CA-CZU-005205_seg_00099,2020-08-20,0.786,0.214,HIGH,17,84.0,False,Terrain Slope Angle (slope=43.6); Direct Head-Fire Attack Alignment (cos theta) (attack_dot_product=0.945); Predicted Next-Day Spread Probability Intensity (burn_prob=0.74),Proximity to Active Flame Front (distance_to_fire=1935.3),"HIGH breach risk (78.6% predicted risk). Elevated predicted risk is associated with: Terrain Slope Angle (slope=43.6), Direct Head-Fire Attack Alignment (cos theta) (attack_dot_product=0.945). Holding probability is supported by: Proximity to Active Flame Front (distance_to_fire=1935.3)."
CA-CZU-005205,CZU Lightning Complex,CA-CZU-005205_seg_00100,2020-08-20,0.3961,0.6039,MEDIUM,38,63.0,False,Direct Head-Fire Attack Alignment (cos theta) (attack_dot_product=0.982); Terrain Slope Angle (slope=36.4); Surface Elevation (elevation=128.3),Acute Fire Attack Angle (attack_angle=10.8); Proximity to Active Flame Front (distance_to_fire=2166.9); Cleared Barrier Width (barrier_width_m=9.0),"MEDIUM breach risk (39.6% predicted risk). Elevated predicted risk is associated with: Direct Head-Fire Attack Alignment (cos theta) (attack_dot_product=0.982), Terrain Slope Angle (slope=36.4). Holding probability is supported by: Acute Fire Attack Angle (attack_angle=10.8), Proximity to Active Flame Front (distance_to_fire=2166.9)."
