Fire_ID,Fire_Name,Risk_Band,Segment_Count,Observed_Breach_Rate_Pct,Mean_Pred_Risk_Pct
CA-MNF-013028,August Complex,LOW,824,7.04,8.01
CA-MNF-013028,August Complex,MEDIUM,264,32.58,43.87
CA-MNF-013028,August Complex,HIGH,190,68.42,70.18
CA-MNF-013028,August Complex,CRITICAL,142,86.62,87.72
CA-SHU-007808,Carr Fire,LOW,466,11.8,7.56
CA-SHU-007808,Carr Fire,MEDIUM,116,64.66,43.58
CA-SHU-007808,Carr Fire,HIGH,64,85.94,69.05
CA-SHU-007808,Carr Fire,CRITICAL,34,94.12,87.52
CA-SNF-000958,Creek Fire,LOW,533,9.76,8.62
CA-SNF-000958,Creek Fire,MEDIUM,181,45.86,45.35
CA-SNF-000958,Creek Fire,HIGH,116,73.28,70.3
CA-SNF-000958,Creek Fire,CRITICAL,120,93.33,88.54
CA-MEU-008674,Mendocino Complex,LOW,541,8.69,7.8
CA-MEU-008674,Mendocino Complex,MEDIUM,153,47.06,44.07
CA-MEU-008674,Mendocino Complex,HIGH,86,74.42,69.08
CA-MEU-008674,Mendocino Complex,CRITICAL,30,90.0,87.09
CA-CZU-005205,CZU Lightning Complex,LOW,382,4.97,8.07
CA-CZU-005205,CZU Lightning Complex,MEDIUM,134,28.36,44.1
CA-CZU-005205,CZU Lightning Complex,HIGH,95,63.16,69.75
CA-CZU-005205,CZU Lightning Complex,CRITICAL,129,80.62,89.31
