Fire_ID,Fire_Name,Cutoff_Pct,Segments_Selected,Breaches_Captured,Total_Breaches,Recall_Pct,Precision_Pct,Random_Base_Rate_Pct,Enrichment_Ratio
CA-MNF-013028,August Complex,5,71,66,397,16.62,92.96,27.96,3.32
CA-MNF-013028,August Complex,10,142,123,397,30.98,86.62,27.96,3.1
CA-MNF-013028,August Complex,20,284,227,397,57.18,79.93,27.96,2.86
CA-MNF-013028,August Complex,30,426,292,397,73.55,68.54,27.96,2.45
CA-SHU-007808,Carr Fire,5,34,32,217,14.75,94.12,31.91,2.95
CA-SHU-007808,Carr Fire,10,68,60,217,27.65,88.24,31.91,2.76
CA-SHU-007808,Carr Fire,20,136,113,217,52.07,83.09,31.91,2.6
CA-SHU-007808,Carr Fire,30,204,156,217,71.89,76.47,31.91,2.4
CA-SNF-000958,Creek Fire,5,47,47,332,14.16,100.0,34.95,2.86
CA-SNF-000958,Creek Fire,10,95,91,332,27.41,95.79,34.95,2.74
CA-SNF-000958,Creek Fire,20,190,162,332,48.8,85.26,34.95,2.44
CA-SNF-000958,Creek Fire,30,285,226,332,68.07,79.3,34.95,2.27
CA-MEU-008674,Mendocino Complex,5,40,36,210,17.14,90.0,25.93,3.47
CA-MEU-008674,Mendocino Complex,10,81,68,210,32.38,83.95,25.93,3.24
CA-MEU-008674,Mendocino Complex,20,162,120,210,57.14,74.07,25.93,2.86
CA-MEU-008674,Mendocino Complex,30,243,153,210,72.86,62.96,25.93,2.43
CA-CZU-005205,CZU Lightning Complex,5,37,36,221,16.29,97.3,29.86,3.26
CA-CZU-005205,CZU Lightning Complex,10,74,69,221,31.22,93.24,29.86,3.12
CA-CZU-005205,CZU Lightning Complex,20,148,119,221,53.85,80.41,29.86,2.69
CA-CZU-005205,CZU Lightning Complex,30,222,163,221,73.76,73.42,29.86,2.46
