Scheme_Name,Risk_Band,Prob_Range,Segment_Count,Pct_Total,Observed_Breach_Rate,Mean_Pred_Risk,Abs_Calibration_Gap
Current (0.30 / 0.60 / 0.80),LOW,"[0.00, 0.30)",2746,59.7,8.41,8.02,0.0039
Current (0.30 / 0.60 / 0.80),MEDIUM,"[0.30, 0.60)",848,18.43,41.75,44.22,0.0247
Current (0.30 / 0.60 / 0.80),HIGH,"[0.60, 0.80)",551,11.98,71.51,69.83,0.0168
Current (0.30 / 0.60 / 0.80),CRITICAL,"[0.80, 1.00)",455,9.89,87.47,88.33,0.0086
Scheme A (0.25 / 0.50 / 0.75),LOW,"[0.00, 0.25)",2578,56.04,6.87,6.76,0.001
Scheme A (0.25 / 0.50 / 0.75),MEDIUM,"[0.25, 0.50)",770,16.74,36.23,37.09,0.0086
Scheme A (0.25 / 0.50 / 0.75),HIGH,"[0.50, 0.75)",666,14.48,62.91,62.88,0.0004
Scheme A (0.25 / 0.50 / 0.75),CRITICAL,"[0.75, 1.00)",586,12.74,85.67,85.86,0.002
Scheme B (0.20 / 0.50 / 0.80),LOW,"[0.00, 0.20)",2381,51.76,5.84,5.46,0.0038
Scheme B (0.20 / 0.50 / 0.80),MEDIUM,"[0.20, 0.50)",967,21.02,32.78,34.11,0.0133
Scheme B (0.20 / 0.50 / 0.80),HIGH,"[0.50, 0.80)",797,17.33,65.62,65.25,0.0038
Scheme B (0.20 / 0.50 / 0.80),CRITICAL,"[0.80, 1.00)",455,9.89,87.47,88.33,0.0086
Scheme D (0.20 / 0.60 / 0.85),LOW,"[0.00, 0.20)",2381,51.76,5.84,5.46,0.0038
Scheme D (0.20 / 0.60 / 0.85),MEDIUM,"[0.20, 0.60)",1213,26.37,36.77,38.35,0.0158
Scheme D (0.20 / 0.60 / 0.85),HIGH,"[0.60, 0.85)",698,15.17,72.64,72.47,0.0017
Scheme D (0.20 / 0.60 / 0.85),CRITICAL,"[0.85, 1.00)",308,6.7,92.53,91.18,0.0135
